{
  "metadata": {
    "method_name": "MVT-RAG",
    "description": "Marginal Value Theorem-based section switching for RAG on QASPER",
    "llm_model": "meta-llama/llama-3.1-8b-instruct",
    "n_papers": 100,
    "n_questions": 223,
    "total_cost_usd": 0.8028,
    "retrieval_methods": [
      "mvt_rag",
      "mvt_noenv",
      "topk_3"
    ],
    "summary_stats": {
      "mvt_rag": {
        "mean_f1": 0.12222477943885708,
        "std_f1": 0.11911830111371076,
        "mean_em": 0.0,
        "mean_oracle_retrieval_f1": 0.1400135240942416,
        "mean_chunks": 1.304932735426009,
        "n": 223,
        "p_vs_topk5_f1": 1.0,
        "p_vs_topk5_oracle": 1.0
      },
      "mvt_noenv": {
        "mean_f1": 0.11867236486176032,
        "std_f1": 0.12077059854237591,
        "mean_em": 0.0,
        "mean_oracle_retrieval_f1": 0.11852089116663107,
        "mean_chunks": 1.0,
        "n": 223,
        "p_vs_topk5_f1": 1.0,
        "p_vs_topk5_oracle": 1.0
      },
      "topk_3": {
        "mean_f1": 0.16530033876619735,
        "std_f1": 0.15903884755157924,
        "mean_em": 0.0,
        "mean_oracle_retrieval_f1": 0.34094144520153485,
        "mean_chunks": 3.0,
        "n": 223,
        "p_vs_topk5_f1": 1.0,
        "p_vs_topk5_oracle": 1.0
      },
      "topk_5": {
        "mean_f1": 0.19036130013808172,
        "std_f1": 0.17905266814340373,
        "mean_em": 0.0,
        "mean_oracle_retrieval_f1": 0.4414610551381852,
        "mean_chunks": 5.0,
        "n": 223
      },
      "topk_10": {
        "mean_f1": 0.20262984023436345,
        "std_f1": 0.16824505773538104,
        "mean_em": 0.0,
        "mean_oracle_retrieval_f1": 0.5956509360096804,
        "mean_chunks": 9.991031390134529,
        "n": 223,
        "p_vs_topk5_f1": 0.0376,
        "p_vs_topk5_oracle": 0.0
      },
      "bm25_5": {
        "mean_f1": 0.17849661696652508,
        "std_f1": 0.17235918310638948,
        "mean_em": 0.0,
        "mean_oracle_retrieval_f1": 0.33825280349944026,
        "mean_chunks": 5.0,
        "n": 223,
        "p_vs_topk5_f1": 0.8972,
        "p_vs_topk5_oracle": 0.999
      },
      "thresh_0.3": {
        "mean_f1": 0.17512767961111372,
        "std_f1": 0.172603182905729,
        "mean_em": 0.0,
        "mean_oracle_retrieval_f1": 0.4953555413196669,
        "mean_chunks": 8.829596412556054,
        "n": 223,
        "p_vs_topk5_f1": 0.98,
        "p_vs_topk5_oracle": 0.0352
      },
      "thresh_0.5": {
        "mean_f1": 0.1481754541323166,
        "std_f1": 0.15463518774928148,
        "mean_em": 0.0,
        "mean_oracle_retrieval_f1": 0.24931311837141432,
        "mean_chunks": 2.4439461883408073,
        "n": 223,
        "p_vs_topk5_f1": 1.0,
        "p_vs_topk5_oracle": 1.0
      },
      "no_rag": {
        "mean_f1": 0.06096882021416791,
        "std_f1": 0.08455071555827448,
        "mean_em": 0.0,
        "mean_oracle_retrieval_f1": 0.0,
        "mean_chunks": 0.0,
        "n": 223,
        "p_vs_topk5_f1": 1.0,
        "p_vs_topk5_oracle": 1.0
      }
    }
  },
  "datasets": [
    {
      "dataset": "allenai/qasper",
      "examples": [
        {
          "input": "which multilingual approaches do they compare with?",
          "output": "BIBREF19",
          "metadata_paper_id": "1912.01214",
          "metadata_gold_answers": "[\"BIBREF19\", \"BIBREF20\", \"multilingual NMT (MNMT) BIBREF19\"]",
          "metadata_gold_spans": "[\"BIBREF19\", \"BIBREF20\", \"multilingual NMT (MNMT) BIBREF19\"]",
          "metadata_g_env": "0.3507",
          "predict_mvt_rag": "Unfortunately, the provided context does not mention which multilingual approaches they compare with.",
          "metadata_f1_mvt_rag": "0.1176",
          "metadata_em_mvt_rag": "0.0",
          "metadata_oracle_f1_mvt_rag": "0.0",
          "metadata_chunks_mvt_rag": "1",
          "predict_mvt_noenv": "Unfortunately, I cannot provide a specific answer to your question as it is not provided in the text. However, I can help you identify the multilingual approaches that are being compared.\n\nThe text do...",
          "metadata_f1_mvt_noenv": "0.0303",
          "metadata_em_mvt_noenv": "0.0",
          "metadata_oracle_f1_mvt_noenv": "0.0",
          "metadata_chunks_mvt_noenv": "1",
          "predict_topk_3": "They compare their cross-lingual pre-training based transfer approach with several strong baselines, but the specific multilingual approaches they compare with are not mentioned in the provided text.",
          "metadata_f1_topk_3": "0.0741",
          "metadata_em_topk_3": "0.0",
          "metadata_oracle_f1_topk_3": "0.0",
          "metadata_chunks_topk_3": "3",
          "predict_topk_5": "They compare their cross-lingual pre-training based transfer approach with two existing cross-lingual pre-training methods: Masked Language Modeling (MLM) and Translation Language Modeling (TLM).",
          "metadata_f1_topk_5": "0.0",
          "metadata_em_topk_5": "0.0",
          "metadata_oracle_f1_topk_5": "0.0",
          "metadata_chunks_topk_5": "5",
          "predict_topk_10": "They compare their approach with two existing cross-lingual pre-training methods: Masked Language Modeling (MLM) and Translation Language Modeling (TLM).",
          "metadata_f1_topk_10": "0.0",
          "metadata_em_topk_10": "0.0",
          "metadata_oracle_f1_topk_10": "0.0",
          "metadata_chunks_topk_10": "10",
          "predict_bm25_5": "They compare their approaches with pivoting, multilingual NMT (MNMT) BIBREF19, and cross-lingual transfer without pretraining BIBREF16. Specifically, they outperform pivoting, which is a strong baseli...",
          "metadata_f1_bm25_5": "0.1622",
          "metadata_em_bm25_5": "0.0",
          "metadata_oracle_f1_bm25_5": "1.0",
          "metadata_chunks_bm25_5": "5",
          "predict_thresh_0_3": "They compare their approach with two existing cross-lingual pre-training methods: Masked Language Modeling (MLM) and Translation Language Modeling (TLM). Additionally, they compare their approach with...",
          "metadata_f1_thresh_0_3": "0.0",
          "metadata_em_thresh_0_3": "0.0",
          "metadata_oracle_f1_thresh_0_3": "1.0",
          "metadata_chunks_thresh_0_3": "20",
          "predict_thresh_0_5": "They compare their approach with the \"MultiUN\" baseline, which is a simple concatenation of monolingual models.",
          "metadata_f1_thresh_0_5": "0.0",
          "metadata_em_thresh_0_5": "0.0",
          "metadata_oracle_f1_thresh_0_5": "0.0",
          "metadata_chunks_thresh_0_5": "1",
          "predict_no_rag": "Unfortunately, I don't have any context to provide a concise answer. If you provide the context, I'd be happy to help!",
          "metadata_f1_no_rag": "0.0",
          "metadata_em_no_rag": "0.0",
          "metadata_oracle_f1_no_rag": "0.0",
          "metadata_chunks_no_rag": "0"
        },
        {
          "input": "what are the pivot-based baselines?",
          "output": "pivoting",
          "metadata_paper_id": "1912.01214",
          "metadata_gold_answers": "[\"pivoting\", \"pivoting$_{\\\\rm m}$\", \"firstly translates a source language into the pivot language which is later translated to the target language\"]",
          "metadata_gold_spans": "[\"pivoting\", \"pivoting$_{\\\\rm m}$\", \"firstly translates a source language into the pivot language which is later translated to the target language\"]",
          "metadata_g_env": "0.272",
          "predict_mvt_rag": "The pivot-based baselines are not explicitly mentioned in the context, but it can be inferred that they are the baselines that utilize source$\\leftrightarrow $pivot parallel data as a beneficial super...",
          "metadata_f1_mvt_rag": "0.1633",
          "metadata_em_mvt_rag": "0.0",
          "metadata_oracle_f1_mvt_rag": "0.3333",
          "metadata_chunks_mvt_rag": "1",